config,seeds,parameters,es_RMSE_mean,es_RMSE_std,holdout_RMSE_mean,holdout_RMSE_std,holdout_MAE_mean,holdout_MAE_std,holdout_sMAPE_mean,holdout_sMAPE_std,holdout_mean_block_RMSE_mean,holdout_mean_block_RMSE_std,winter_RMSE_mean,winter_RMSE_std,winter_MAE_mean,winter_MAE_std,winter_sMAPE_mean,winter_sMAPE_std,epochs_run_mean,epochs_run_std,best_epoch_mean,best_epoch_std
future-abl_sm5_hmark_anchor_rep,3,11297,77.5694536600049,2.027542586182104,72.93951924323763,1.9251938979640844,51.56883264546209,0.47405996012323437,70.66763080182085,1.509192432049063,64.71927931944042,0.7053368281314432,85.37220221756384,2.424753102148812,61.0065435422749,1.5402661706118734,75.98920642596194,3.7377300274808563,3.6666666666666665,0.5773502691896258,1.6666666666666667,0.5773502691896257
future-abl_sm5_hmark_rep,3,11297,77.4615503085026,2.7986510626176395,73.18169494047267,2.398234081775582,51.61111909521693,1.384241291730747,69.56654978027842,1.0685188657230085,64.87319883312443,1.6178935473617893,82.88307463243348,2.522264000201599,58.84433584351343,1.749718967080532,72.40363702616717,0.970142419172969,3.3333333333333335,0.5773502691896258,1.3333333333333333,0.5773502691896257
future-abl_mk5,3,32193,79.6785897889857,0.8653844383315651,73.98336628664755,3.196990738188771,52.40358285901092,2.5037968915173288,69.35159806328132,2.9426647742270093,66.19824896764567,2.8617998907938786,84.50559612211397,4.40048812523661,60.87989349894761,4.056409545067825,75.3643525339287,3.2282460597373843,4.0,1.0,2.0,1.0
future-abl_noroll,3,22209,81.56325467769592,1.1184117949801158,74.32923329281151,0.5644223342121679,53.168431403416086,0.8461452081409443,68.4589269030504,1.1578657033412552,67.23462054158136,0.6138321517718797,88.60137351823077,4.724799572352927,63.00420145863876,4.333114364938569,76.1512751634322,3.4599267528863025,5.666666666666667,0.5773502691896257,4.333333333333333,1.1547005383792517
future-abl,3,23489,79.19185851201422,0.9109857213432093,74.39982335902862,1.268416510456625,51.68598609770762,1.401379314902644,72.79485441149926,1.831363963656962,66.1179876569984,1.4358504833068673,88.21705280745111,2.054396502105888,61.43280558191143,1.7319002346924646,78.48714644716532,0.5756044613421841,5.333333333333333,1.1547005383792515,3.6666666666666665,1.5275252316519465
future-abl_small_mk5,3,10977,79.0770310585497,2.7698311429977047,74.4795224593321,2.5664836201388694,52.02455158988755,1.5309617132985687,70.12002198018367,0.6770076962461914,65.93280069963863,1.942989319968517,85.48124107700711,2.6457899181363036,60.13653643844699,3.846078539837715,77.15990295318232,2.1241524123214504,3.6666666666666665,0.5773502691896258,1.6666666666666667,0.5773502691896257
future-abl_small,3,6625,80.76869903431587,0.7471304714574577,75.12321504153061,1.1110639335819354,52.52836671137707,1.058505044000196,67.6348430964084,1.1849358660673213,66.3952512095404,1.226006913507207,87.08274655184914,3.864274657188143,62.15498086332244,4.470008728407315,74.38179943443966,1.5169379954784956,5.0,1.0,3.0,1.0
future-abl_small_mk5_anchor_rep,3,10977,78.48711379902733,3.073551930331797,75.41661131665097,4.19893669009949,53.96440548166066,3.176676947326454,69.6180193925036,1.4105372555383797,67.3531479449861,3.2268970481625647,84.97130033915461,2.2117619712233445,61.74119083410798,3.486279310826106,75.12447720393455,1.2649632195155662,3.3333333333333335,0.5773502691896258,1.3333333333333333,0.5773502691896257
future-abl_small_mk5_anchor,3,10977,78.19356289409224,2.8814814135237423,75.67101724728319,3.9543981780653463,53.49517543164192,2.5511704187531543,68.75284106490425,1.5931931665066488,67.10514158486662,2.8934441932010024,84.63781736522219,1.4890313801049042,60.83682540217094,1.5573910640651485,73.06899385216653,3.0050036545740353,5.0,1.0,3.0,1.0
future-abl_log,3,23489,84.41818798268234,1.218780023700308,81.64271741235457,10.43071166741297,49.4346995944283,2.0244566065289975,54.22602572178167,0.4497213395550801,68.39230927398958,2.1628781580472216,88.20316982298185,2.0458284382224723,56.19862681346365,0.7090922400194583,53.12035867712904,0.9153012960440869,4.666666666666667,1.1547005383792515,2.6666666666666665,1.1547005383792517
none-abl,3,21569,102.63290995137731,1.6280264744796995,97.65061694800357,2.767254700984747,72.19924730887192,2.870971935182734,74.93302528785398,1.2372091727613845,86.74072942281909,2.768910209403304,119.3803834458641,1.5053714396046514,93.43087283994957,2.6246179004880017,86.9878649782958,0.5585566373868139,3.0,0.0,1.0,0.0
past-abl,3,27329,104.94776725966462,0.5418608534730129,99.01040984087547,0.8621089550884231,72.16941425815197,0.5460509534099034,78.63545648412772,0.24749772093477931,87.35243092915681,0.25986450676560785,119.85559270239094,3.0123231494574796,92.6992021384055,0.6724264404336636,89.15484640554837,2.0943301336314546,3.0,0.0,1.0,0.0
