config,cov,seed,log_target,rolling,d_model,mark_kernel,parameters,epochs_run,best_epoch,es_RMSE,holdout_RMSE,holdout_MAE,holdout_sMAPE,holdout_mean_block_RMSE,winter_RMSE,winter_MAE,winter_sMAPE,winter_mean_block_RMSE
future-abl,future,0,0,"6,24",32,1,23489,6,5,80.19745722556634,74.00211717024331,52.16072687230234,74.31697605219178,66.80748272852315,87.51293874143785,61.27387601918675,78.58868681243374,81.24467266662508
future-abl,future,1,0,"6,24",32,1,23489,6,4,78.42171405061131,73.37791735165287,50.108903098713284,73.30511308309158,64.46743997566631,86.60729626001829,59.78584791540741,77.86752860339247,80.04965251131382
future-abl,future,2,0,"6,24",32,1,23489,4,2,78.956404259865,75.81943555518964,52.78832832210721,70.76247409921443,67.07904026680572,90.53092342089717,63.238692811140155,79.00522392566974,83.36012300392858
future-abl_log,future,0,1,"6,24",32,1,23489,4,2,85.62366957646869,93.67227108104873,51.715526041969646,54.6429315963236,70.8885145230569,87.22414435168027,56.61920240395169,54.00079782682133,81.42172117761339
future-abl_log,future,1,1,"6,24",32,1,23489,4,2,84.44436319087463,76.14478174094823,47.850667627967624,53.74944706384866,67.21320985557222,90.55454878463998,56.59673768223036,53.18649534082136,84.04857320868425
future-abl_log,future,2,1,"6,24",32,1,23489,6,4,83.1865311807037,75.11109941506673,48.73790511334764,54.28569850517274,67.07520344333963,86.83081633262528,55.379940354208905,52.17378286374442,79.420213567773
future-abl_mk5,future,0,0,"6,24",32,5,32193,4,2,79.31982041184743,71.16413178044964,50.03337246412011,66.3584926904744,63.379316469136235,80.16472086005209,57.36374641581345,73.50568010044697,76.17901442568257
future-abl_mk5,future,1,0,"6,24",32,5,32193,3,1,80.66565859070013,73.32908252967793,52.154960088208675,69.45521638513905,66.11435883224755,84.38869966959636,59.9580434101396,73.4953722548151,79.41879476846458
future-abl_mk5,future,2,0,"6,24",32,5,32193,5,3,79.05029036440955,77.45688454981507,55.022416024703965,72.24108511423047,69.10107160155322,88.96336783669345,65.31789067088977,79.09200524652404,84.77926118763231
future-abl_noroll,future,0,0,,32,1,22209,5,3,81.19015883239811,73.755390905414,53.894044135438534,69.77976358209823,67.26519306636753,89.620233439665,64.32012297333429,77.73742169739903,83.2827151894086
future-abl_noroll,future,1,0,,32,1,22209,6,5,82.82052411447295,74.34857037416995,52.238989055839035,67.619076577985,66.60607340395244,92.73362152396908,66.52680801028244,78.53376444738791,86.63954233034475
future-abl_noroll,future,2,0,,32,1,22209,6,5,80.67908108621674,74.88373859885058,53.37226101897069,67.97794054906798,67.83259515442414,83.45026559105825,58.16567339229954,72.18263934550964,79.57281317805462
future-abl_sm5_hmark_anchor_rep,future,0,0,"6,24",16,5,11297,4,2,76.0683615514071,72.23242735005209,51.551048996459826,70.9956616271424,65.29448671241616,87.50105286238362,62.67984591698173,80.28283537243223,81.58267862074649
future-abl_sm5_hmark_anchor_rep,future,1,0,"6,24",16,5,11297,3,1,79.87594662853675,75.11827403697683,52.05153419143711,69.02140129187745,64.93102758541797,85.88271302256297,60.691873435451896,74.22211370724764,80.19137530358951
future-abl_sm5_hmark_anchor_rep,future,2,0,"6,24",16,5,11297,4,2,76.76405280007083,71.46785634268396,51.10391474848933,71.98582948644268,63.93232366048714,82.73284076774493,59.647911274391056,73.46267019820596,76.33853683835548
future-abl_sm5_hmark_rep,future,0,0,"6,24",16,5,11297,4,2,74.55654751164934,73.31007813952081,52.221461593514135,70.69706514979556,65.96342455488768,81.67747107138798,57.23693206863068,72.62103273171618,74.99856095310719
future-abl_sm5_hmark_rep,future,1,0,"6,24",16,5,11297,3,1,80.14008875082183,75.51315878918015,52.585297477643536,68.57329231062491,65.64191070838507,85.78189595270513,60.70808786756669,73.24663799333804,80.82515822824814
future-abl_sm5_hmark_rep,future,2,0,"6,24",16,5,11297,3,1,77.6880146630366,70.72184789271702,50.0265982144931,69.4292918804148,63.014261236100566,81.1898568732073,58.58798759434291,71.34324035344729,76.3992793470997
future-abl_small,future,0,0,"6,24",16,1,6625,4,2,81.41764663058714,73.9137779331034,51.69812772620437,66.40283801413194,65.28711012891053,84.7926565558349,60.01137967601445,72.77269385214676,80.05188729539383
future-abl_small,future,1,0,"6,24",16,1,6625,6,4,79.95193040140076,75.35724575526926,53.72031330750604,68.76630234244672,67.71228338783776,91.54430093229485,67.29307073522097,75.78567292512992,86.04673575132475
future-abl_small,future,2,0,"6,24",16,1,6625,5,3,80.9365200709597,76.09862143621919,52.166659100420816,67.73538893264652,66.18636011187296,84.91128216741768,59.16049217873191,74.58703152604228,80.13183351370512
future-abl_small_mk5,future,0,0,"6,24",16,5,10977,4,2,81.05014766275042,77.01491953876737,53.600643220000265,70.85955127590235,67.82490608305451,87.87664014238699,62.74058236099348,77.48385205605153,84.03533649757891
future-abl_small_mk5,future,1,0,"6,24",16,5,10977,3,1,80.27039768873267,74.54060509408771,51.92989970882727,69.96971515596465,66.03085547895473,82.64136257139899,55.71898322382168,74.8923842429057,76.92494014789082
future-abl_small_mk5,future,2,0,"6,24",16,5,10977,4,2,75.91054782416599,71.88304274514124,50.54311184083511,69.53079950868398,63.94264053690667,85.92572051723536,61.950043730525806,79.10347256058972,79.18302674042911
future-abl_small_mk5_anchor,future,0,0,"6,24",16,5,10977,4,2,79.71206571034274,77.46211575349548,54.22969394881476,68.13270174975149,68.49081979919931,85.27958253126505,59.748286694751684,69.6447212348959,81.02581018172546
future-abl_small_mk5_anchor,future,1,0,"6,24",16,5,10977,6,4,79.99820443113109,78.41294508090482,55.59850970831557,70.56285568418919,69.04516047119546,85.69835345685289,62.62076388039221,75.26673776572704,81.86048424509126
future-abl_small_mk5_anchor,future,2,0,"6,24",16,5,10977,5,3,74.87041854080287,71.13799090744926,50.657322637795446,67.56296576077207,63.7794444842051,82.93551610754865,60.1414256313689,74.29552255587664,77.02835350409956
future-abl_small_mk5_anchor_rep,future,0,0,"6,24",16,5,10977,4,2,78.94405786938465,79.99015970755482,57.608389898195654,71.1625375539351,70.90600213236559,87.24896174466897,65.6346943747619,75.06887045900706,84.02864630984612
future-abl_small_mk5_anchor_rep,future,1,0,"6,24",16,5,10977,3,1,81.30661208126816,74.52377423043652,52.50615714854837,69.29349135384093,66.54923558221576,84.83301194371008,58.90865349871425,76.41632680346679,79.68416931808355
future-abl_small_mk5_anchor_rep,future,2,0,"6,24",16,5,10977,3,1,75.21067144642917,71.73590001196159,51.778669398237966,68.39802926973478,64.60420612037694,82.83192732908476,60.680224628847796,73.88823434932978,77.78761581394157
none-abl,none,0,0,"6,24",32,1,21569,3,1,104.39467837128531,100.3942360149911,75.12238421712946,76.31931467466305,89.69583009259851,120.73513327797997,94.71132014853761,87.01125866986827,115.45650744474273
none-abl,none,1,0,"6,24",32,1,21569,3,1,101.18404754856027,94.86031723422336,69.3834510990485,73.94098623321071,84.20610824293377,117.759805030839,90.41179228768767,86.4179790350123,111.95020080610345
none-abl,none,2,0,"6,24",32,1,21569,3,1,102.32000393428633,97.69729759479625,72.0919066104378,74.53877495568818,86.32024993292501,119.64621202877333,95.16950608362339,87.53435723000685,114.59992357616609
past-abl,past,0,0,"6,24",32,1,27329,3,1,105.05185713583589,98.23988765035571,72.70624378179333,78.67692002645711,87.50583044090297,119.33868482786905,92.32179462957356,87.37012389147235,112.10753072518077
past-abl,past,1,0,"6,24",32,1,27329,3,1,104.36141233871746,99.9415221208745,71.61458687330273,78.36984575743391,87.49907172988632,123.09292150169298,93.47555374400638,91.46046378567567,115.0611198927177
past-abl,past,2,0,"6,24",32,1,27329,3,1,105.43003230444052,98.84981975139618,72.18741211935988,78.85960366849216,87.05239061668112,117.1351717776108,92.30025804163655,88.63395153949712,111.76838641114938
