time_idx,value
43657,18.1520
43658,20.0954
43659,18.3388
43660,15.0630
43661,13.4198
43662,14.7465
43663,18.9648
43664,20.4896
43665,22.5171
43666,27.8987
43667,33.4654
43668,38.9208
43669,39.9100
43670,44.3350
43671,43.7262
43672,46.4861
43673,58.5355
43674,71.4178
43675,81.2487
43676,94.9710
43677,105.9566
43678,111.7256
43679,119.3763
43680,123.6613
43681,130.8710
43682,141.8364
43683,132.8593
43684,134.4960
43685,137.7189
43686,136.7320
43687,135.6975
43688,134.5358
43689,136.5211
43690,138.2910
43691,134.9896
43692,134.2937
43693,137.4758
43694,147.0780
43695,149.1871
43696,152.6838
43697,157.9752
43698,162.1803
43699,166.7821
43700,164.6302
43701,164.3035
43702,162.1285
43703,165.0175
43704,170.2642
43705,179.2734
43706,185.9550
43707,189.3536
43708,183.3604
43709,174.2802
43710,161.9948
43711,155.3551
43712,151.7050
43713,150.4931
43714,147.8555
43715,146.1627
43716,142.8116
43717,141.6587
43718,146.7451
43719,150.0548
43720,160.4615
43721,170.8673
43722,181.0947
43723,191.4898
43724,203.2597
43725,213.2887
43726,218.2725
43727,222.6970
43728,225.9126
43729,230.6996
43730,235.2039
43731,221.3614
43732,194.0779
43733,176.0285
43734,165.1157
43735,153.8042
43736,142.6066
43737,137.5224
43738,134.2755
43739,129.9248
43740,124.6118
43741,119.4513
43742,117.3022
43743,114.6612
43744,112.7350
43745,107.7830
43746,104.4462
43747,102.7861
43748,101.3669
43749,104.9500
43750,113.4336
43751,125.6460
43752,134.3146
43753,144.3450
43754,157.1775
43755,170.2652
43756,176.7440
43757,175.3127
43758,170.0429
43759,168.2868
43760,167.7437
43761,167.4571
43762,171.0260
43763,173.7652
43764,173.0740
43765,171.2160
43766,164.1696
43767,157.3880
43768,151.9866
43769,155.0043
43770,158.2672
43771,167.2514
43772,180.1244
43773,192.4616
43774,203.5113
43775,211.1572
43776,217.8206
43777,228.4356
43778,235.6406
43779,219.2840
43780,187.6038
43781,169.9866
43782,160.8403
43783,157.8171
43784,158.1107
43785,156.2284
43786,150.9079
43787,139.9532
43788,131.0570
43789,129.8731
43790,127.8032
43791,125.1956
43792,120.9039
43793,121.0256
43794,127.7884
43795,129.8173
43796,127.2204
43797,118.8699
43798,106.9189
43799,91.0525
43800,75.8626
43801,64.1459
43802,54.0420
43803,44.5867
43804,32.2951
43805,16.1195
43806,7.0000
43807,7.0000
43808,7.0000
43809,7.0000
43810,7.0000
43811,7.0000
43812,7.0000
43813,7.0000
43814,7.0000
43815,7.0000
43816,7.0000
43817,7.0000
43818,7.0000
43819,7.0000
43820,7.0000
43821,7.0000
43822,7.0000
43823,7.0000
43824,7.0000
